seed,sigma_m,farm_m,pop,bands,personyears,deficit_rate_m,births,deaths_demo,mig,mig_deaths,aid_transfers,aid_kcal,repay_transfers,repay_kcal,farm_effort_m,farm_effort_used_m,farm_potential_kcal,farm_harvest_kcal,farm_uncollected_kcal,farm_harvest_py,field_built_m,field_decay_m,field_end_m,field_cells,stay_segments,stay_untruncated,stay_max_steps,stay_median_steps,bands_seen,never_moved,never_moved_pct_m,final_steps_median,final_steps_max
0,0,0,435,21,91686,8,4040,3460,226,265,98,102495045,22,25575306,0,0,0,0,0,0,0,0,0,0,247,207,153,6,21,2,95,9,300
12345,0,0,160,10,53008,11,2316,2083,186,193,60,48540702,31,31875433,0,0,0,0,0,0,0,0,0,0,196,176,78,6,10,0,0,16,86
777,0,0,419,18,69080,6,3051,2572,150,180,34,40279133,20,22705740,0,0,0,0,0,0,0,0,0,0,168,135,77,7,18,3,166,13,238
4242,0,0,351,17,73329,8,3228,2803,178,194,96,121072164,38,40763556,0,0,0,0,0,0,0,0,0,0,195,164,126,5,17,3,176,14,300
99,0,0,429,21,89721,7,3960,3461,178,190,102,136310637,37,40898500,0,0,0,0,0,0,0,0,0,0,199,159,211,5,21,2,95,11,249
31337,0,0,421,23,91018,9,4002,3479,217,222,87,94654378,39,28077654,0,0,0,0,0,0,0,0,0,0,240,199,235,6,23,5,217,8,249
2026,0,0,639,27,101951,6,4510,3786,175,205,71,79832564,24,18584570,0,0,0,0,0,0,0,0,0,0,202,152,130,6,27,4,148,12,223
0,0,250,1788,51,192817,0,8636,6884,35,84,56,153396186,4,1986225,48204250,48204250,86161454700,47283518449,38877936251,64771,992494,469070,523424,39,86,23,10,2,51,39,764,56,300
12345,0,250,1534,50,183242,1,8196,6677,62,105,103,209434479,12,1905676,45810500,45810500,81768186950,52807443129,28960743821,72338,1006014,566835,439179,36,112,46,4,2,50,34,680,38,300
777,0,250,1504,45,162862,0,7292,5842,30,66,51,139056386,4,2839321,40715500,40715500,72734353000,47639201272,25095151728,65259,861060,455920,405140,36,75,19,29,2,45,34,755,54,300
4242,0,250,1593,39,165389,0,7416,5905,10,38,23,102745294,0,0,41347250,41347250,74117588025,37951869827,36165718198,51988,734873,310930,423943,34,49,5,5,3,39,34,871,92,300
99,0,250,1492,46,171202,0,7675,6246,25,57,57,125981450,0,0,42800500,42800500,76618458525,44460714456,32157744069,60905,817783,380959,436824,34,71,13,24,4,46,34,739,50,300
31337,0,250,1832,60,218002,2,9732,7881,85,139,173,287065816,20,21047660,54500500,54500500,97115562775,58974391988,38141170787,80786,1286493,679224,607269,41,145,62,71,1,60,37,616,26,300
2026,0,250,1883,52,201843,0,9039,7138,55,138,156,474421020,11,5066165,50460750,50460750,89874680000,55294490938,34580189062,75745,1214350,679814,534536,38,107,36,32,2,52,33,634,45,300
0,0,500,1967,38,191715,0,8610,6762,1,1,0,0,0,0,95857500,95857500,172287106550,54859178149,117427928401,75149,1453606,469299,984307,38,38,0,0,0,38,38,1000,135,300
12345,0,500,1741,34,187116,0,8405,6784,0,0,0,0,0,0,93558000,92963500,167250884000,67685671607,99565212393,92720,1319180,484450,834730,34,34,0,0,0,34,34,1000,141,300
777,0,500,1548,32,159681,0,7171,5741,3,2,0,0,0,0,79840500,79800500,143423731450,56503339356,86920392094,77401,1212154,443532,768622,32,33,0,0,0,32,31,968,139,300
4242,0,500,1647,33,165868,0,7447,5920,0,0,0,0,0,0,82934000,82922000,149067737400,46528457306,102539280094,63737,1241048,420879,820169,33,33,0,0,0,33,33,1000,158,300
99,0,500,1414,31,153912,0,6907,5602,3,11,0,0,0,0,76956000,76399500,137278799500,51322758633,85956040867,70305,1178240,462584,715656,30,32,0,0,0,31,30,967,136,300
31337,0,500,2413,38,230426,0,10348,8054,1,1,0,0,0,0,115213000,114242000,205543048600,88473738071,117069310529,121196,1615672,486272,1129400,37,38,0,0,0,38,38,1000,164,300
2026,0,500,2115,36,206349,0,9262,7255,3,12,4,21552657,0,0,103174500,101950000,183329068300,80756312367,102572755933,110625,1495716,487410,1008306,35,38,1,1,1,36,35,972,142,300
0,400,0,447,20,81805,8,3603,3050,190,226,31,33459901,7,5213519,0,0,0,0,0,0,0,0,0,0,210,173,98,6,20,3,150,7,151
12345,400,0,317,15,63536,9,2794,2437,150,160,57,63128546,21,24517539,0,0,0,0,0,0,0,0,0,0,165,137,189,6,15,2,133,19,162
777,400,0,186,10,47660,10,2088,1874,122,148,28,36007067,11,11641751,0,0,0,0,0,0,0,0,0,0,132,114,111,7,10,2,200,5,30
4242,400,0,282,15,70686,9,3109,2774,153,173,57,57789662,16,16134683,0,0,0,0,0,0,0,0,0,0,168,140,215,6,15,2,133,16,57
99,400,0,662,28,107839,6,4773,4027,180,204,51,56497310,10,7164835,0,0,0,0,0,0,0,0,0,0,208,154,163,9,28,2,71,9,249
31337,400,0,543,24,93440,7,4125,3523,170,179,65,37275417,23,7592001,0,0,0,0,0,0,0,0,0,0,194,150,232,7,24,4,166,16,161
2026,400,0,441,21,85369,8,3762,3250,189,191,69,70831272,8,9550860,0,0,0,0,0,0,0,0,0,0,210,169,138,6,21,1,47,19,137
0,400,250,1587,50,185934,2,8299,6708,87,124,81,114479790,14,2248612,46483500,46483500,82177076765,42669545660,39507531105,58451,1134526,713485,421041,40,137,72,16,2,50,35,700,31,300
12345,400,250,1453,51,173904,1,7775,6346,65,96,72,82176862,21,9905818,43476000,43476000,77014137218,46085066701,30929070517,63130,1040848,641483,399365,41,116,48,35,7,51,34,666,57,300
777,400,250,1239,45,155526,2,6931,5685,145,127,149,120131477,83,12453905,38881500,38881500,69134887261,43929274106,25205613155,60177,1004175,675064,329111,33,190,129,61,2,45,29,644,52,300
4242,400,250,1549,45,165382,0,7404,5927,28,48,30,57271429,1,1307221,41345500,41345500,74138422542,37875291133,36263131409,51883,799841,345758,454083,34,73,16,80,2,45,33,733,37,300
99,400,250,1526,46,169697,0,7594,6126,32,62,44,137044758,6,6546359,42424250,42424250,75867305599,40607806237,35259499362,55627,895591,469367,426224,36,78,21,142,4,46,35,760,72,300
31337,400,250,1400,60,197570,5,8756,7169,255,307,297,243623439,77,26108903,49392500,49392500,86559193466,51235464603,35323728863,70185,1855379,1421567,433812,37,315,217,133,2,60,22,366,18,300
2026,400,250,1517,58,191343,3,8518,6926,155,195,187,230273281,40,17162937,47835750,47835750,84689177562,49553385075,35135792487,67881,1340971,886672,454299,36,213,122,53,5,58,25,431,15,300
0,400,500,1956,37,193152,0,8674,6837,1,1,0,0,0,0,96576000,96270500,171915858515,58246478524,113669379991,79789,1432740,467525,965215,37,37,0,0,0,37,37,1000,145,300
12345,400,500,1682,36,186868,0,8384,6791,4,31,3,55750707,0,0,93434000,92910500,165939195067,67961551181,97977643886,93098,1511071,607515,903556,35,40,3,1,1,36,35,972,137,300
777,400,500,1603,32,162370,0,7290,5805,3,2,0,0,0,0,81185000,80774500,145153466343,58206125287,86947341056,79734,1208652,434969,773683,32,33,0,0,0,32,31,968,144,300
4242,400,500,1647,33,165868,0,7447,5920,0,0,0,0,0,0,82934000,82922000,149324918125,47211890522,102113027603,64673,1241048,420879,820169,33,33,0,0,0,33,33,1000,158,300
99,400,500,1430,34,156367,0,7008,5676,8,22,3,32466243,0,0,78183500,77552000,139815464127,46510477586,93304986541,63712,1289759,569822,719937,33,40,2,3,2,34,30,882,132,300
31337,400,500,2221,41,214512,0,9630,7528,1,1,0,0,0,0,107256000,107193500,192538000794,73775663532,118762337262,101062,1594284,508984,1085300,40,41,0,0,0,41,41,1000,160,300
2026,400,500,2106,37,206202,0,9255,7256,4,13,2,18222182,0,0,103101000,101936500,183133848060,80603094365,102530753695,110415,1503821,503787,1000034,36,40,1,1,1,37,35,945,142,300
